PRD_DE,C1_NM,산업별 기업규모별 기업수_활동,산업별 기업규모별 기업수_신생,산업별 기업규모별 기업수_소멸
2018,도매 및 소매업,193,4,-
2019,도매 및 소매업,192,2,-
2020,도매 및 소매업,200,6,1
2021,도매 및 소매업,212,10,2
2022,도매 및 소매업,198,15,1
2018,도매 및 소매업,304,4,-
2019,도매 및 소매업,336,2,-
2020,도매 및 소매업,305,6,1
2021,도매 및 소매업,359,10,2
2022,도매 및 소매업,399,15,1
2018,도매 및 소매업,701,4,-
2019,도매 및 소매업,816,2,-
2020,도매 및 소매업,864,6,1
2021,도매 및 소매업,904,10,2
2022,도매 및 소매업,912,15,1
2018,도매 및 소매업,1418532,4,-
2019,도매 및 소매업,1435358,2,-
2020,도매 및 소매업,1481393,6,1
2021,도매 및 소매업,1529006,10,2
2022,도매 및 소매업,1576299,15,1
2018,도매 및 소매업,1386640,4,-
2019,도매 및 소매업,1402607,2,-
2020,도매 및 소매업,1447475,6,1
2021,도매 및 소매업,1492776,10,2
2022,도매 및 소매업,1536827,15,1
2018,도매 및 소매업,1328747,4,-
2019,도매 및 소매업,1342112,2,-
2020,도매 및 소매업,1393159,6,1
2021,도매 및 소매업,1424658,10,2
2022,도매 및 소매업,1470341,15,1
2018,운수 및 창고업,66,-,-
2019,운수 및 창고업,74,7,-
2020,운수 및 창고업,78,1,-
2021,운수 및 창고업,85,2,0
2022,운수 및 창고업,124,0,0
2018,운수 및 창고업,55,-,-
2019,운수 및 창고업,73,7,-
2020,운수 및 창고업,64,1,-
2021,운수 및 창고업,81,2,0
2022,운수 및 창고업,88,0,0
2018,운수 및 창고업,230,-,-
2019,운수 및 창고업,232,7,-
2020,운수 및 창고업,265,1,-
2021,운수 및 창고업,255,2,0
2022,운수 및 창고업,260,0,0
2018,운수 및 창고업,560032,-,-
2019,운수 및 창고업,585700,7,-
2020,운수 및 창고업,591164,1,-
2021,운수 및 창고업,595398,2,0
2022,운수 및 창고업,618352,0,0
2018,운수 및 창고업,558125,-,-
2019,운수 및 창고업,583741,7,-
2020,운수 및 창고업,589334,1,-
2021,운수 및 창고업,593342,2,0
2022,운수 및 창고업,615984,0,0
2018,운수 및 창고업,551908,-,-
2019,운수 및 창고업,577490,7,-
2020,운수 및 창고업,583856,1,-
2021,운수 및 창고업,587441,2,0
2022,운수 및 창고업,610165,0,0
2018,숙박 및 음식점업,24,1,-
2019,숙박 및 음식점업,25,1,-
2020,숙박 및 음식점업,26,-,-
2021,숙박 및 음식점업,35,4,0
2022,숙박 및 음식점업,44,1,0
2018,숙박 및 음식점업,19,1,-
2019,숙박 및 음식점업,19,1,-
2020,숙박 및 음식점업,26,-,-
2021,숙박 및 음식점업,22,4,0
2022,숙박 및 음식점업,14,1,0
2018,숙박 및 음식점업,72,1,-
2019,숙박 및 음식점업,73,1,-
2020,숙박 및 음식점업,106,-,-
2021,숙박 및 음식점업,97,4,0
2022,숙박 및 음식점업,87,1,0
2018,숙박 및 음식점업,835024,1,-
2019,숙박 및 음식점업,856175,1,-
2020,숙박 및 음식점업,865719,-,-
2021,숙박 및 음식점업,872531,4,0
2022,숙박 및 음식점업,892159,1,0
2018,숙박 및 음식점업,823931,1,-
2019,숙박 및 음식점업,843890,1,-
2020,숙박 및 음식점업,854364,-,-
2021,숙박 및 음식점업,861202,4,0
2022,숙박 및 음식점업,878196,1,0
2018,숙박 및 음식점업,791324,1,-
2019,숙박 및 음식점업,805730,1,-
2020,숙박 및 음식점업,821562,-,-
2021,숙박 및 음식점업,824470,4,0
2022,숙박 및 음식점업,839867,1,0
2018,부동산업,84,9,5
2019,부동산업,84,4,1
2020,부동산업,106,10,6
2021,부동산업,145,13,5
2022,부동산업,149,12,3
2018,부동산업,365,9,5
2019,부동산업,362,4,1
2020,부동산업,353,10,6
2021,부동산업,329,13,5
2022,부동산업,338,12,3
2018,부동산업,316,9,5
2019,부동산업,312,4,1
2020,부동산업,418,10,6
2021,부동산업,389,13,5
2022,부동산업,390,12,3
2018,부동산업,1363732,9,5
2019,부동산업,1470114,4,1
2020,부동산업,1598447,10,6
2021,부동산업,1651733,13,5
2022,부동산업,1683289,12,3
2018,부동산업,1356371,9,5
2019,부동산업,1462868,4,1
2020,부동산업,1591394,10,6
2021,부동산업,1644013,13,5
2022,부동산업,1676154,12,3
2018,부동산업,1350510,9,5
2019,부동산업,1457027,4,1
2020,부동산업,1586283,10,6
2021,부동산업,1637664,13,5
2022,부동산업,1669900,12,3
2018,사업 시설관리 사업지원 및 임대 서비스업,72,5,-
2019,사업 시설관리 사업지원 및 임대 서비스업,81,6,-
2020,사업 시설관리 사업지원 및 임대 서비스업,84,3,-
2021,사업 시설관리 사업지원 및 임대 서비스업,101,6,0
2022,사업 시설관리 사업지원 및 임대 서비스업,105,2,1
2018,사업 시설관리 사업지원 및 임대 서비스업,64,5,-
2019,사업 시설관리 사업지원 및 임대 서비스업,83,6,-
2020,사업 시설관리 사업지원 및 임대 서비스업,80,3,-
2021,사업 시설관리 사업지원 및 임대 서비스업,112,6,0
2022,사업 시설관리 사업지원 및 임대 서비스업,94,2,1
2018,사업 시설관리 사업지원 및 임대 서비스업,202,5,-
2019,사업 시설관리 사업지원 및 임대 서비스업,223,6,-
2020,사업 시설관리 사업지원 및 임대 서비스업,250,3,-
2021,사업 시설관리 사업지원 및 임대 서비스업,248,6,0
2022,사업 시설관리 사업지원 및 임대 서비스업,244,2,1
2018,사업 시설관리 사업지원 및 임대 서비스업,129501,5,-
2019,사업 시설관리 사업지원 및 임대 서비스업,135679,6,-
2020,사업 시설관리 사업지원 및 임대 서비스업,141062,3,-
2021,사업 시설관리 사업지원 및 임대 서비스업,144834,6,0
2022,사업 시설관리 사업지원 및 임대 서비스업,152286,2,1
2018,사업 시설관리 사업지원 및 임대 서비스업,124984,5,-
2019,사업 시설관리 사업지원 및 임대 서비스업,131094,6,-
2020,사업 시설관리 사업지원 및 임대 서비스업,136225,3,-
2021,사업 시설관리 사업지원 및 임대 서비스업,139570,6,0
2022,사업 시설관리 사업지원 및 임대 서비스업,146674,2,1
2018,사업 시설관리 사업지원 및 임대 서비스업,110752,5,-
2019,사업 시설관리 사업지원 및 임대 서비스업,117047,6,-
2020,사업 시설관리 사업지원 및 임대 서비스업,123174,3,-
2021,사업 시설관리 사업지원 및 임대 서비스업,125215,6,0
2022,사업 시설관리 사업지원 및 임대 서비스업,132338,2,1
2018,교육서비스업,4,-,-
2019,교육서비스업,4,-,-
2020,교육서비스업,4,-,-
2021,교육서비스업,6,0,0
2022,교육서비스업,7,0,0
2018,교육서비스업,6,-,-
2019,교육서비스업,5,-,-
2020,교육서비스업,7,-,-
2021,교육서비스업,6,0,0
2022,교육서비스업,9,0,0
2018,교육서비스업,36,-,-
2019,교육서비스업,45,-,-
2020,교육서비스업,47,-,-
2021,교육서비스업,47,0,0
2022,교육서비스업,44,0,0
2018,교육서비스업,161474,-,-
2019,교육서비스업,171257,-,-
2020,교육서비스업,179429,-,-
2021,교육서비스업,193650,0,0
2022,교육서비스업,207606,0,0
2018,교육서비스업,159437,-,-
2019,교육서비스업,169099,-,-
2020,교육서비스업,177066,-,-
2021,교육서비스업,191036,0,0
2022,교육서비스업,204709,0,0
2018,교육서비스업,155104,-,-
2019,교육서비스업,164131,-,-
2020,교육서비스업,173003,-,-
2021,교육서비스업,185393,0,0
2022,교육서비스업,198864,0,0
2018,보건업 및 사회복지 서비스업,-,-,-
2019,보건업 및 사회복지 서비스업,-,-,-
2020,보건업 및 사회복지 서비스업,-,-,-
2021,보건업 및 사회복지 서비스업,0,0,0
2022,보건업 및 사회복지 서비스업,0,0,0
2018,보건업 및 사회복지 서비스업,5,-,-
2019,보건업 및 사회복지 서비스업,8,-,-
2020,보건업 및 사회복지 서비스업,8,-,-
2021,보건업 및 사회복지 서비스업,13,0,0
2022,보건업 및 사회복지 서비스업,3,0,0
2018,보건업 및 사회복지 서비스업,1,-,-
2019,보건업 및 사회복지 서비스업,1,-,-
2020,보건업 및 사회복지 서비스업,6,-,-
2021,보건업 및 사회복지 서비스업,5,0,0
2022,보건업 및 사회복지 서비스업,7,0,0
2018,보건업 및 사회복지 서비스업,74968,-,-
2019,보건업 및 사회복지 서비스업,76561,-,-
2020,보건업 및 사회복지 서비스업,77608,-,-
2021,보건업 및 사회복지 서비스업,79116,0,0
2022,보건업 및 사회복지 서비스업,81302,0,0
2018,보건업 및 사회복지 서비스업,62558,-,-
2019,보건업 및 사회복지 서비스업,62687,-,-
2020,보건업 및 사회복지 서비스업,62415,-,-
2021,보건업 및 사회복지 서비스업,62151,0,0
2022,보건업 및 사회복지 서비스업,62168,0,0
2018,보건업 및 사회복지 서비스업,43014,-,-
2019,보건업 및 사회복지 서비스업,43311,-,-
2020,보건업 및 사회복지 서비스업,46996,-,-
2021,보건업 및 사회복지 서비스업,43866,0,0
2022,보건업 및 사회복지 서비스업,44292,0,0
2018,예술 스포츠 및 여가관련 서비스업,30,-,-
2019,예술 스포츠 및 여가관련 서비스업,36,2,-
2020,예술 스포츠 및 여가관련 서비스업,43,2,-
2021,예술 스포츠 및 여가관련 서비스업,52,1,0
2022,예술 스포츠 및 여가관련 서비스업,59,2,0
2018,예술 스포츠 및 여가관련 서비스업,8,-,-
2019,예술 스포츠 및 여가관련 서비스업,16,2,-
2020,예술 스포츠 및 여가관련 서비스업,8,2,-
2021,예술 스포츠 및 여가관련 서비스업,13,1,0
2022,예술 스포츠 및 여가관련 서비스업,5,2,0
2018,예술 스포츠 및 여가관련 서비스업,59,-,-
2019,예술 스포츠 및 여가관련 서비스업,59,2,-
2020,예술 스포츠 및 여가관련 서비스업,78,2,-
2021,예술 스포츠 및 여가관련 서비스업,73,1,0
2022,예술 스포츠 및 여가관련 서비스업,79,2,0
2018,예술 스포츠 및 여가관련 서비스업,128305,-,-
2019,예술 스포츠 및 여가관련 서비스업,131320,2,-
2020,예술 스포츠 및 여가관련 서비스업,129373,2,-
2021,예술 스포츠 및 여가관련 서비스업,128414,1,0
2022,예술 스포츠 및 여가관련 서비스업,133044,2,0
2018,예술 스포츠 및 여가관련 서비스업,127656,-,-
2019,예술 스포츠 및 여가관련 서비스업,130722,2,-
2020,예술 스포츠 및 여가관련 서비스업,128797,2,-
2021,예술 스포츠 및 여가관련 서비스업,127812,1,0
2022,예술 스포츠 및 여가관련 서비스업,132392,2,0
2018,예술 스포츠 및 여가관련 서비스업,124780,-,-
2019,예술 스포츠 및 여가관련 서비스업,127085,2,-
2020,예술 스포츠 및 여가관련 서비스업,125578,2,-
2021,예술 스포츠 및 여가관련 서비스업,124015,1,0
2022,예술 스포츠 및 여가관련 서비스업,128438,2,0
2018,협회 및 단체 수리 및 기타 개인서비스업,7,-,-
2019,협회 및 단체 수리 및 기타 개인서비스업,9,2,-
2020,협회 및 단체 수리 및 기타 개인서비스업,12,1,-
2021,협회 및 단체 수리 및 기타 개인서비스업,14,1,0
2022,협회 및 단체 수리 및 기타 개인서비스업,12,0,0
2018,협회 및 단체 수리 및 기타 개인서비스업,12,-,-
2019,협회 및 단체 수리 및 기타 개인서비스업,13,2,-
2020,협회 및 단체 수리 및 기타 개인서비스업,11,1,-
2021,협회 및 단체 수리 및 기타 개인서비스업,15,1,0
2022,협회 및 단체 수리 및 기타 개인서비스업,1,0,0
2018,협회 및 단체 수리 및 기타 개인서비스업,27,-,-
2019,협회 및 단체 수리 및 기타 개인서비스업,29,2,-
2020,협회 및 단체 수리 및 기타 개인서비스업,30,1,-
2021,협회 및 단체 수리 및 기타 개인서비스업,32,1,0
2022,협회 및 단체 수리 및 기타 개인서비스업,29,0,0
2018,협회 및 단체 수리 및 기타 개인서비스업,288083,-,-
2019,협회 및 단체 수리 및 기타 개인서비스업,308117,2,-
2020,협회 및 단체 수리 및 기타 개인서비스업,320136,1,-
2021,협회 및 단체 수리 및 기타 개인서비스업,331095,1,0
2022,협회 및 단체 수리 및 기타 개인서비스업,342626,0,0
2018,협회 및 단체 수리 및 기타 개인서비스업,283907,-,-
2019,협회 및 단체 수리 및 기타 개인서비스업,303726,2,-
2020,협회 및 단체 수리 및 기타 개인서비스업,315217,1,-
2021,협회 및 단체 수리 및 기타 개인서비스업,326069,1,0
2022,협회 및 단체 수리 및 기타 개인서비스업,337160,0,0
2018,협회 및 단체 수리 및 기타 개인서비스업,275498,-,-
2019,협회 및 단체 수리 및 기타 개인서비스업,295356,2,-
2020,협회 및 단체 수리 및 기타 개인서비스업,308196,1,-
2021,협회 및 단체 수리 및 기타 개인서비스업,318346,1,0
2022,협회 및 단체 수리 및 기타 개인서비스업,329890,0,0
