PRD_DE,C1_NM,산업별 기업규모별 종사자수_활동,산업별 기업규모별 종사자수_신생,산업별 기업규모별 종사자수_소멸
2018,도매 및 소매업,3061,262,217
2019,도매 및 소매업,3119,274,212
2020,도매 및 소매업,3216,295,217
2021,도매 및 소매업,3317,300,216
2022,도매 및 소매업,3376,285,228
2018,도매 및 소매업,2457,262,217
2019,도매 및 소매업,2513,274,212
2020,도매 및 소매업,2584,295,217
2021,도매 및 소매업,2660,300,216
2022,도매 및 소매업,2694,285,228
2018,도매 및 소매업,1859,262,217
2019,도매 및 소매업,1887,274,212
2020,도매 및 소매업,2005,295,217
2021,도매 및 소매업,1972,300,216
2022,도매 및 소매업,2019,285,228
2018,운수 및 창고업,1043,58,41
2019,운수 및 창고업,1067,72,52
2020,운수 및 창고업,1057,56,50
2021,운수 및 창고업,1048,62,46
2022,운수 및 창고업,1072,77,48
2018,운수 및 창고업,876,58,41
2019,운수 및 창고업,902,72,52
2020,운수 및 창고업,898,56,50
2021,운수 및 창고업,887,62,46
2022,운수 및 창고업,900,77,48
2018,운수 및 창고업,618,58,41
2019,운수 및 창고업,646,72,52
2020,운수 및 창고업,663,56,50
2021,운수 및 창고업,663,62,46
2022,운수 및 창고업,687,77,48
2018,숙박 및 음식점업,1546,243,182
2019,숙박 및 음식점업,1665,267,182
2020,숙박 및 음식점업,1676,239,180
2021,숙박 및 음식점업,1669,228,156
2022,숙박 및 음식점업,1758,229,166
2018,숙박 및 음식점업,1336,243,182
2019,숙박 및 음식점업,1434,267,182
2020,숙박 및 음식점업,1468,239,180
2021,숙박 및 음식점업,1469,228,156
2022,숙박 및 음식점업,1517,229,166
2018,숙박 및 음식점업,1038,243,182
2019,숙박 및 음식점업,1080,267,182
2020,숙박 및 음식점업,1160,239,180
2021,숙박 및 음식점업,1136,228,156
2022,숙박 및 음식점업,1163,229,166
2018,부동산업,1612,245,147
2019,부동산업,1719,262,179
2020,부동산업,1836,316,199
2021,부동산업,1904,265,185
2022,부동산업,1936,231,160
2018,부동산업,1503,245,147
2019,부동산업,1610,262,179
2020,부동산업,1741,316,199
2021,부동산업,1799,265,185
2022,부동산업,1832,231,160
2018,부동산업,1422,245,147
2019,부동산업,1530,262,179
2020,부동산업,1669,316,199
2021,부동산업,1718,265,185
2022,부동산업,1752,231,160
2018,사업시설관리 사업지원 및 임대 서비스업,1238,72,51
2019,사업시설관리 사업지원 및 임대 서비스업,1175,66,46
2020,사업시설관리 사업지원 및 임대 서비스업,1145,67,41
2021,사업시설관리 사업지원 및 임대 서비스업,1155,64,40
2022,사업시설관리 사업지원 및 임대 서비스업,1187,54,38
2018,사업시설관리 사업지원 및 임대 서비스업,502,72,51
2019,사업시설관리 사업지원 및 임대 서비스업,485,66,46
2020,사업시설관리 사업지원 및 임대 서비스업,463,67,41
2021,사업시설관리 사업지원 및 임대 서비스업,463,64,40
2022,사업시설관리 사업지원 및 임대 서비스업,468,54,38
2018,사업시설관리 사업지원 및 임대 서비스업,161,72,51
2019,사업시설관리 사업지원 및 임대 서비스업,170,66,46
2020,사업시설관리 사업지원 및 임대 서비스업,183,67,41
2021,사업시설관리 사업지원 및 임대 서비스업,173,64,40
2022,사업시설관리 사업지원 및 임대 서비스업,182,54,38
2018,교육서비스업,281,39,29
2019,교육서비스업,301,43,31
2020,교육서비스업,319,42,28
2021,교육서비스업,350,47,26
2022,교육서비스업,376,44,33
2018,교육서비스업,238,39,29
2019,교육서비스업,257,43,31
2020,교육서비스업,269,42,28
2021,교육서비스업,294,47,26
2022,교육서비스업,314,44,33
2018,교육서비스업,195,39,29
2019,교육서비스업,208,43,31
2020,교육서비스업,227,42,28
2021,교육서비스업,239,47,26
2022,교육서비스업,258,44,33
2018,보건업 및 사회복지 서비스업,723,41,19
2019,보건업 및 사회복지 서비스업,754,43,15
2020,보건업 및 사회복지 서비스업,778,38,14
2021,보건업 및 사회복지 서비스업,810,40,15
2022,보건업 및 사회복지 서비스업,858,45,17
2018,보건업 및 사회복지 서비스업,318,41,19
2019,보건업 및 사회복지 서비스업,319,43,15
2020,보건업 및 사회복지 서비스업,315,38,14
2021,보건업 및 사회복지 서비스업,314,40,15
2022,보건업 및 사회복지 서비스업,311,45,17
2018,보건업 및 사회복지 서비스업,144,41,19
2019,보건업 및 사회복지 서비스업,144,43,15
2020,보건업 및 사회복지 서비스업,168,38,14
2021,보건업 및 사회복지 서비스업,145,40,15
2022,보건업 및 사회복지 서비스업,145,45,17
2018,예술 스포츠 및 여가관련 서비스업,205,32,24
2019,예술 스포츠 및 여가관련 서비스업,217,34,25
2020,예술 스포츠 및 여가관련 서비스업,216,28,25
2021,예술 스포츠 및 여가관련 서비스업,217,28,20
2022,예술 스포츠 및 여가관련 서비스업,230,29,21
2018,예술 스포츠 및 여가관련 서비스업,179,32,24
2019,예술 스포츠 및 여가관련 서비스업,193,34,25
2020,예술 스포츠 및 여가관련 서비스업,192,28,25
2021,예술 스포츠 및 여가관련 서비스업,193,28,20
2022,예술 스포츠 및 여가관련 서비스업,202,29,21
2018,예술 스포츠 및 여가관련 서비스업,145,32,24
2019,예술 스포츠 및 여가관련 서비스업,150,34,25
2020,예술 스포츠 및 여가관련 서비스업,153,28,25
2021,예술 스포츠 및 여가관련 서비스업,151,28,20
2022,예술 스포츠 및 여가관련 서비스업,158,29,21
2018,협회 및 단체 수리 및 기타 개인서비스업,512,58,40
2019,협회 및 단체 수리 및 기타 개인서비스업,529,64,44
2020,협회 및 단체 수리 및 기타 개인서비스업,536,57,44
2021,협회 및 단체 수리 및 기타 개인서비스업,545,58,41
2022,협회 및 단체 수리 및 기타 개인서비스업,560,56,41
2018,협회 및 단체 수리 및 기타 개인서비스업,418,58,40
2019,협회 및 단체 수리 및 기타 개인서비스업,439,64,44
2020,협회 및 단체 수리 및 기타 개인서비스업,444,57,44
2021,협회 및 단체 수리 및 기타 개인서비스업,453,58,41
2022,협회 및 단체 수리 및 기타 개인서비스업,459,56,41
2018,협회 및 단체 수리 및 기타 개인서비스업,324,58,40
2019,협회 및 단체 수리 및 기타 개인서비스업,346,64,44
2020,협회 및 단체 수리 및 기타 개인서비스업,367,57,44
2021,협회 및 단체 수리 및 기타 개인서비스업,372,58,41
2022,협회 및 단체 수리 및 기타 개인서비스업,384,56,41
